Model,Phrasing english,Items english,Phrasing spanish,Items spanish
Classic,,"It is fair that in Chile, high-income individuals have access to better health care than those with lower incomes",,Es justo que en Chile las personas de altos ingresos puedan acceder a una mejor atención de salud que las personas con ingresos más bajos
Classic,,"It is fair that in Chile, high-income individuals have access to better education than those with lower incomes",,Es justo que en Chile las personas de altos ingresos tengan una mejor educación para sus hijos que las personas con ingresos más bajos
Classic,,It is fair that high-income individuals in Chile receive better pensions than those with lower incomes,,Es justo que en Chile las personas de altos ingresos tengan mejores pensiones que las personas con ingresos más bajos
New,,It's fair that I have access to better health care if I can afford it,,Es justo que yo tenga acceso a una mejor salud si puedo pagar por ello
New,,It's fair that I have access to a better education if I can afford it,,Es justo que yo tenga acceso a una mejor educación si puedo pagar por ello
New,,It's fair that I have access to a better pension if I can afford it,,Es justo que yo tenga acceso a mejor pensión si puedo pagar por ello
New,,It's okay for my children to have access to better health care than other children if I can afford it,,Está bien que mis hijos/as tengan acceso a una mejor salud que otros niños si es que puedo pagar por ello
New,,It's okay for my children to have access to a better education than other children if I can afford it,,Está bien que mis hijos/as tengan acceso a una mejor educación que otros niños si es que puedo pagar por ello
New,To what extent do you agree or disagree with the following statements?,Access to health care is unequal in Chile,¿En qué medida está de acuerdo o en desacuerdo con las siguientes afirmaciones?,El acceso a la salud es desigual en Chile
New,To what extent do you agree or disagree with the following statements?,Access to education is unequal in Chile,¿En qué medida está de acuerdo o en desacuerdo con las siguientes afirmaciones?,El acceso a la educación es desigual en Chile
New,To what extent do you agree or disagree with the following statements?,Pensions are unequal in Chile,¿En qué medida está de acuerdo o en desacuerdo con las siguientes afirmaciones?,Las pensiones son desiguales en Chile
New,"And thinking back 10 years, do you think access to the following services among those with higher and lower incomes has become…?",Health care,"Y pensando hace 10 años atrás, ¿usted cree que el acceso a los siguientes servicios entre quienes tienes más y menores ingresos se ha vuelto…?",Salud
New,"And thinking back 10 years, do you think access to the following services among those with higher and lower incomes has become…?",Education,"Y pensando hace 10 años atrás, ¿usted cree que el acceso a los siguientes servicios entre quienes tienes más y menores ingresos se ha vuelto…?",Educación
New,"And thinking back 10 years, do you think access to the following services among those with higher and lower incomes has become…?",Pensions,"Y pensando hace 10 años atrás, ¿usted cree que el acceso a los siguientes servicios entre quienes tienes más y menores ingresos se ha vuelto…?",Pensiones
New,,It's fine for public hospitals to be managed by private entities if they are able to provide better service,,Está bien que los hospitales públicos sean administrados por privados si ellos son capaces de brindar un mejor servicio
New,,It's fine for public high schools to be run by private entities if they are able to provide a better service,,Está bien que los liceos públicos sean administrados por privados si ellos son capaces de brindar un mejor servicio
New,,"The quality of the health care system should be the same for everyone, even if that means my family can't afford better services.",,La calidad del sistema de salud debería ser igual para todos aunque esto signifique que mi familila no pueda pagar por mejores servicios
New,,"Education should be of equal quality for everyone, even if that means I can't afford a better one for my family",,La educación debería ser de igual calidad para todos aunque eso me impida pagar por una mejor para mi familia
New,,"Pensions should be more equitable, even if that means I receive a pension similar to those who contributed less than I did",,"Las pensiones deberían ser más igualitarias, aunque eso signifique que yo reciba una pensión similar a quienes aportaron menos que yo"
New,,Imagine that your child attends a private school with an enrollment of 100 students. How many students do you think should be admitted to this school without paying tuition?,,Imagine que su hijo/a asiste a un colegio privado que tiene una matrícula de 100 alumnos. ¿Cuántos alumnos cree Ud. que se deberían admitir sin pagar en este colegio?
New,,"In order for those students to be admitted to the school, how much more would you be willing to pay toward the monthly tuition to support students who don't pay?",,"Para que esos alumnos puedan ser admitidos en el colegio, ¿cuánto más estaría dispuesto a pagar de la mensualidad para poder apoyar a estudiantes que no pagan?"
New,,"Imagine that you are enrolled in a health insurance plan that is considering providing coverage to 10% of the people in your plan who cannot afford it. To do so, you would have to pay an additional amount on top of your premium. In that situation, how much more would you be willing to pay?",,"Imagine que usted está en un plan de Isapre que está evaluando dar acceso a un 10% de personas en su mismo plan que no pueden pagarlo. Para ello, usted debería pagar un monto adicional a su cotización. En tal situación, ¿cuánto más estaría dispuesto a pagar?"
New,How fair or unfair do you think it is for private companies to make a profit by managing…,Health care,Qué tan justo o injusto le parece que empresas privadas obtengan ganancias monetarias administrando…,Salud
New,How fair or unfair do you think it is for private companies to make a profit by managing…,Education,Qué tan justo o injusto le parece que empresas privadas obtengan ganancias monetarias administrando…,Educación
New,How fair or unfair do you think it is for private companies to make a profit by managing…,Pensions,Qué tan justo o injusto le parece que empresas privadas obtengan ganancias monetarias administrando…,Pensiones
New,"Government resources are limited and must be allocated among various areas of public investment. With that in mind, please rank the following areas of public investment in order of priority (select at least 3).",Health care,"Los recursos del Estado son limitados y deben distribuirse entre distintas áreas de inversión pública. Pensando en cómo usted asignaría esos recursos, le pedimos ordene según prioridad las siguientes áreas de inversión de fondos públicos (seleccione al menos 3)",Salud
New,"Government resources are limited and must be allocated among various areas of public investment. With that in mind, please rank the following areas of public investment in order of priority (select at least 3).",Education,"Los recursos del Estado son limitados y deben distribuirse entre distintas áreas de inversión pública. Pensando en cómo usted asignaría esos recursos, le pedimos ordene según prioridad las siguientes áreas de inversión de fondos públicos (seleccione al menos 3)",Educación
New,"Government resources are limited and must be allocated among various areas of public investment. With that in mind, please rank the following areas of public investment in order of priority (select at least 3).",Pensions,"Los recursos del Estado son limitados y deben distribuirse entre distintas áreas de inversión pública. Pensando en cómo usted asignaría esos recursos, le pedimos ordene según prioridad las siguientes áreas de inversión de fondos públicos (seleccione al menos 3)",Pensiones
New,"Government resources are limited and must be allocated among various areas of public investment. With that in mind, please rank the following areas of public investment in order of priority (select at least 3).",Childcare,"Los recursos del Estado son limitados y deben distribuirse entre distintas áreas de inversión pública. Pensando en cómo usted asignaría esos recursos, le pedimos ordene según prioridad las siguientes áreas de inversión de fondos públicos (seleccione al menos 3)",Cuidado de niños
New,"Government resources are limited and must be allocated among various areas of public investment. With that in mind, please rank the following areas of public investment in order of priority (select at least 3).",Roads,"Los recursos del Estado son limitados y deben distribuirse entre distintas áreas de inversión pública. Pensando en cómo usted asignaría esos recursos, le pedimos ordene según prioridad las siguientes áreas de inversión de fondos públicos (seleccione al menos 3)",Carreteras
New,Below are some areas of government activity. Please indicate whether you would like to see public spending increased or decreased in each of these areas. Keep in mind that “more” or “much more” could mean a tax increase.,Health care,"A continuación, se mencionan algunos ámbitos de la actividad gubernamental. Por favor, señale si le gustaría que se aumentara o se redujera el gasto público en cada uno de ellos. Tenga en cuenta que «más» o «mucho más» podría implicar un alza de impuestos.",Salud
New,Below are some areas of government activity. Please indicate whether you would like to see public spending increased or decreased in each of these areas. Keep in mind that “more” or “much more” could mean a tax increase.,Education,"A continuación, se mencionan algunos ámbitos de la actividad gubernamental. Por favor, señale si le gustaría que se aumentara o se redujera el gasto público en cada uno de ellos. Tenga en cuenta que «más» o «mucho más» podría implicar un alza de impuestos.",Educación
New,Below are some areas of government activity. Please indicate whether you would like to see public spending increased or decreased in each of these areas. Keep in mind that “more” or “much more” could mean a tax increase.,Pensions,"A continuación, se mencionan algunos ámbitos de la actividad gubernamental. Por favor, señale si le gustaría que se aumentara o se redujera el gasto público en cada uno de ellos. Tenga en cuenta que «más» o «mucho más» podría implicar un alza de impuestos.",Pensiones
New,Below are some areas of government activity. Please indicate whether you would like to see public spending increased or decreased in each of these areas. Keep in mind that “more” or “much more” could mean a tax increase.,Childcare,"A continuación, se mencionan algunos ámbitos de la actividad gubernamental. Por favor, señale si le gustaría que se aumentara o se redujera el gasto público en cada uno de ellos. Tenga en cuenta que «más» o «mucho más» podría implicar un alza de impuestos.",Cuidado de niños
New,Below are some areas of government activity. Please indicate whether you would like to see public spending increased or decreased in each of these areas. Keep in mind that “more” or “much more” could mean a tax increase.,Roads,"A continuación, se mencionan algunos ámbitos de la actividad gubernamental. Por favor, señale si le gustaría que se aumentara o se redujera el gasto público en cada uno de ellos. Tenga en cuenta que «más» o «mucho más» podría implicar un alza de impuestos.",Carreteras
New,,"In Chile, who is most involved in providing the following services?",,"En Chile, ¿quién participa más en la provisión de los siguientes servicios?"
New,,Who is more efficient at providing the following services?,,¿Quién es más eficiente en la provisión de los siguientes servicios?
New,,"Given the situation in Chile, who should play a greater role in providing the following services?",,"Considerando la realidad chilena, ¿quién debería participar más en la provisión de los siguientes servicios?"